Code Domaine,Domaine,Code zone,Zone,Code Élément,Élément,Code Produit,Produit,Code année,Année,Unité,Valeur,Symbole,Description du Symbole,Note
"FS","Données de la sécurité alimentaire","2","Afghanistan","6126","Valeur","22013","PIB par habitant, ($ PPA internationaux constants de 2011)","2013","2013","I$","2264.3","X","Sources internationales sûres",""
"FS","Données de la sécurité alimentaire","202","Afrique du Sud","6126","Valeur","22013","PIB par habitant, ($ PPA internationaux constants de 2011)","2013","2013","I$","12852.3","X","Sources internationales sûres",""
"FS","Données de la sécurité alimentaire","3","Albanie","6126","Valeur","22013","PIB par habitant, ($ PPA internationaux constants de 2011)","2013","2013","I$","11598","X","Sources internationales sûres",""
"FS","Données de la sécurité alimentaire","4","Algérie","6126","Valeur","22013","PIB par habitant, ($ PPA internationaux constants de 2011)","2013","2013","I$","11138.9","X","Sources internationales sûres",""
"FS","Données de la sécurité alimentaire","79","Allemagne","6126","Valeur","22013","PIB par habitant, ($ PPA internationaux constants de 2011)","2013","2013","I$","49873.1","X","Sources internationales sûres",""
"FS","Données de la sécurité alimentaire","7","Angola","6126","Valeur","22013","PIB par habitant, ($ PPA internationaux constants de 2011)","2013","2013","I$","8140.5","X","Sources internationales sûres",""
"FS","Données de la sécurité alimentaire","8","Antigua-et-Barbuda","6126","Valeur","22013","PIB par habitant, ($ PPA internationaux constants de 2011)","2013","2013","I$","17641.5","X","Sources internationales sûres",""
"FS","Données de la sécurité alimentaire","194","Arabie saoudite","6126","Valeur","22013","PIB par habitant, ($ PPA internationaux constants de 2011)","2013","2013","I$","47847.6","X","Sources internationales sûres",""
"FS","Données de la sécurité alimentaire","9","Argentine","6126","Valeur","22013","PIB par habitant, ($ PPA internationaux constants de 2011)","2013","2013","I$","24424.3","X","Sources internationales sûres",""
"FS","Données de la sécurité alimentaire","1","Arménie","6126","Valeur","22013","PIB par habitant, ($ PPA internationaux constants de 2011)","2013","2013","I$","10691.3","X","Sources internationales sûres",""
"FS","Données de la sécurité alimentaire","10","Australie","6126","Valeur","22013","PIB par habitant, ($ PPA internationaux constants de 2011)","2013","2013","I$","47192.1","X","Sources internationales sûres",""
"FS","Données de la sécurité alimentaire","11","Autriche","6126","Valeur","22013","PIB par habitant, ($ PPA internationaux constants de 2011)","2013","2013","I$","53289.4","X","Sources internationales sûres",""
"FS","Données de la sécurité alimentaire","52","Azerbaïdjan","6126","Valeur","22013","PIB par habitant, ($ PPA internationaux constants de 2011)","2013","2013","I$","14652.7","X","Sources internationales sûres",""
"FS","Données de la sécurité alimentaire","12","Bahamas","6126","Valeur","22013","PIB par habitant, ($ PPA internationaux constants de 2011)","2013","2013","I$","36041.9","X","Sources internationales sûres",""
"FS","Données de la sécurité alimentaire","13","Bahreïn","6126","Valeur","22013","PIB par habitant, ($ PPA internationaux constants de 2011)","2013","2013","I$","46946.3","X","Sources internationales sûres",""
"FS","Données de la sécurité alimentaire","16","Bangladesh","6126","Valeur","22013","PIB par habitant, ($ PPA internationaux constants de 2011)","2013","2013","I$","3349","X","Sources internationales sûres",""
"FS","Données de la sécurité alimentaire","14","Barbade","6126","Valeur","22013","PIB par habitant, ($ PPA internationaux constants de 2011)","2013","2013","I$","15088.3","X","Sources internationales sûres",""
"FS","Données de la sécurité alimentaire","57","Bélarus","6126","Valeur","22013","PIB par habitant, ($ PPA internationaux constants de 2011)","2013","2013","I$","18760.2","X","Sources internationales sûres",""
"FS","Données de la sécurité alimentaire","255","Belgique","6126","Valeur","22013","PIB par habitant, ($ PPA internationaux constants de 2011)","2013","2013","I$","48243","X","Sources internationales sûres",""
"FS","Données de la sécurité alimentaire","23","Belize","6126","Valeur","22013","PIB par habitant, ($ PPA internationaux constants de 2011)","2013","2013","I$","7110.4","X","Sources internationales sûres",""
"FS","Données de la sécurité alimentaire","53","Bénin","6126","Valeur","22013","PIB par habitant, ($ PPA internationaux constants de 2011)","2013","2013","I$","2876.9","X","Sources internationales sûres",""
"FS","Données de la sécurité alimentaire","18","Bhoutan","6126","Valeur","22013","PIB par habitant, ($ PPA internationaux constants de 2011)","2013","2013","I$","9163.5","X","Sources internationales sûres",""
"FS","Données de la sécurité alimentaire","19","Bolivie (État plurinational de)","6126","Valeur","22013","PIB par habitant, ($ PPA internationaux constants de 2011)","2013","2013","I$","7444.5","X","Sources internationales sûres",""
"FS","Données de la sécurité alimentaire","80","Bosnie-Herzégovine","6126","Valeur","22013","PIB par habitant, ($ PPA internationaux constants de 2011)","2013","2013","I$","11877.2","X","Sources internationales sûres",""
"FS","Données de la sécurité alimentaire","20","Botswana","6126","Valeur","22013","PIB par habitant, ($ PPA internationaux constants de 2011)","2013","2013","I$","16786.2","X","Sources internationales sûres",""
"FS","Données de la sécurité alimentaire","21","Brésil","6126","Valeur","22013","PIB par habitant, ($ PPA internationaux constants de 2011)","2013","2013","I$","15800","X","Sources internationales sûres",""
"FS","Données de la sécurité alimentaire","26","Brunéi Darussalam","6126","Valeur","22013","PIB par habitant, ($ PPA internationaux constants de 2011)","2013","2013","I$","66714.5","X","Sources internationales sûres",""
"FS","Données de la sécurité alimentaire","27","Bulgarie","6126","Valeur","22013","PIB par habitant, ($ PPA internationaux constants de 2011)","2013","2013","I$","18274.7","X","Sources internationales sûres",""
"FS","Données de la sécurité alimentaire","233","Burkina Faso","6126","Valeur","22013","PIB par habitant, ($ PPA internationaux constants de 2011)","2013","2013","I$","1893.2","X","Sources internationales sûres",""
"FS","Données de la sécurité alimentaire","29","Burundi","6126","Valeur","22013","PIB par habitant, ($ PPA internationaux constants de 2011)","2013","2013","I$","877.3","X","Sources internationales sûres",""
"FS","Données de la sécurité alimentaire","35","Cabo Verde","6126","Valeur","22013","PIB par habitant, ($ PPA internationaux constants de 2011)","2013","2013","I$","6323.3","X","Sources internationales sûres",""
"FS","Données de la sécurité alimentaire","115","Cambodge","6126","Valeur","22013","PIB par habitant, ($ PPA internationaux constants de 2011)","2013","2013","I$","3191.9","X","Sources internationales sûres",""
"FS","Données de la sécurité alimentaire","32","Cameroun","6126","Valeur","22013","PIB par habitant, ($ PPA internationaux constants de 2011)","2013","2013","I$","3262.8","X","Sources internationales sûres",""
"FS","Données de la sécurité alimentaire","33","Canada","6126","Valeur","22013","PIB par habitant, ($ PPA internationaux constants de 2011)","2013","2013","I$","46948.8","X","Sources internationales sûres",""
"FS","Données de la sécurité alimentaire","40","Chili","6126","Valeur","22013","PIB par habitant, ($ PPA internationaux constants de 2011)","2013","2013","I$","23214.4","X","Sources internationales sûres",""
"FS","Données de la sécurité alimentaire","96","Chine - RAS de Hong-Kong","6126","Valeur","22013","PIB par habitant, ($ PPA internationaux constants de 2011)","2013","2013","I$","55230.9","X","Sources internationales sûres",""
"FS","Données de la sécurité alimentaire","128","Chine - RAS de Macao","6126","Valeur","22013","PIB par habitant, ($ PPA internationaux constants de 2011)","2013","2013","I$","161939","X","Sources internationales sûres",""
"FS","Données de la sécurité alimentaire","41","Chine, continentale","6126","Valeur","22013","PIB par habitant, ($ PPA internationaux constants de 2011)","2013","2013","I$","11150","X","Sources internationales sûres",""
"FS","Données de la sécurité alimentaire","50","Chypre","6126","Valeur","22013","PIB par habitant, ($ PPA internationaux constants de 2011)","2013","2013","I$","33323.7","X","Sources internationales sûres",""
"FS","Données de la sécurité alimentaire","44","Colombie","6126","Valeur","22013","PIB par habitant, ($ PPA internationaux constants de 2011)","2013","2013","I$","13524.7","X","Sources internationales sûres",""
"FS","Données de la sécurité alimentaire","45","Comores","6126","Valeur","22013","PIB par habitant, ($ PPA internationaux constants de 2011)","2013","2013","I$","3005.5","X","Sources internationales sûres",""
"FS","Données de la sécurité alimentaire","46","Congo","6126","Valeur","22013","PIB par habitant, ($ PPA internationaux constants de 2011)","2013","2013","I$","3644.2","X","Sources internationales sûres",""
"FS","Données de la sécurité alimentaire","48","Costa Rica","6126","Valeur","22013","PIB par habitant, ($ PPA internationaux constants de 2011)","2013","2013","I$","17176.7","X","Sources internationales sûres",""
"FS","Données de la sécurité alimentaire","107","Côte d'Ivoire","6126","Valeur","22013","PIB par habitant, ($ PPA internationaux constants de 2011)","2013","2013","I$","3922.5","X","Sources internationales sûres",""
"FS","Données de la sécurité alimentaire","98","Croatie","6126","Valeur","22013","PIB par habitant, ($ PPA internationaux constants de 2011)","2013","2013","I$","23600.2","X","Sources internationales sûres",""
"FS","Données de la sécurité alimentaire","54","Danemark","6126","Valeur","22013","PIB par habitant, ($ PPA internationaux constants de 2011)","2013","2013","I$","51602.2","X","Sources internationales sûres",""
"FS","Données de la sécurité alimentaire","72","Djibouti","6126","Valeur","22013","PIB par habitant, ($ PPA internationaux constants de 2011)","2013","2013","I$","4028.4","X","Sources internationales sûres",""
"FS","Données de la sécurité alimentaire","55","Dominique","6126","Valeur","22013","PIB par habitant, ($ PPA internationaux constants de 2011)","2013","2013","I$","11708.6","X","Sources internationales sûres",""
"FS","Données de la sécurité alimentaire","59","Égypte","6126","Valeur","22013","PIB par habitant, ($ PPA internationaux constants de 2011)","2013","2013","I$","10290.2","X","Sources internationales sûres",""
"FS","Données de la sécurité alimentaire","60","El Salvador","6126","Valeur","22013","PIB par habitant, ($ PPA internationaux constants de 2011)","2013","2013","I$","7892.4","X","Sources internationales sûres",""
"FS","Données de la sécurité alimentaire","225","Émirats arabes unis","6126","Valeur","22013","PIB par habitant, ($ PPA internationaux constants de 2011)","2013","2013","I$","59921.7","X","Sources internationales sûres",""
"FS","Données de la sécurité alimentaire","58","Équateur","6126","Valeur","22013","PIB par habitant, ($ PPA internationaux constants de 2011)","2013","2013","I$","11818.6","X","Sources internationales sûres",""
"FS","Données de la sécurité alimentaire","203","Espagne","6126","Valeur","22013","PIB par habitant, ($ PPA internationaux constants de 2011)","2013","2013","I$","35441.6","X","Sources internationales sûres",""
"FS","Données de la sécurité alimentaire","63","Estonie","6126","Valeur","22013","PIB par habitant, ($ PPA internationaux constants de 2011)","2013","2013","I$","29696.4","X","Sources internationales sûres",""
"FS","Données de la sécurité alimentaire","209","Eswatini","6126","Valeur","22013","PIB par habitant, ($ PPA internationaux constants de 2011)","2013","2013","I$","8240.3","X","Sources internationales sûres",""
"FS","Données de la sécurité alimentaire","231","États-Unis d'Amérique","6126","Valeur","22013","PIB par habitant, ($ PPA internationaux constants de 2011)","2013","2013","I$","56350.6","X","Sources internationales sûres",""
"FS","Données de la sécurité alimentaire","238","Éthiopie","6126","Valeur","22013","PIB par habitant, ($ PPA internationaux constants de 2011)","2013","2013","I$","1545.2","X","Sources internationales sûres",""
"FS","Données de la sécurité alimentaire","185","Fédération de Russie","6126","Valeur","22013","PIB par habitant, ($ PPA internationaux constants de 2011)","2013","2013","I$","26413.2","X","Sources internationales sûres",""
"FS","Données de la sécurité alimentaire","66","Fidji","6126","Valeur","22013","PIB par habitant, ($ PPA internationaux constants de 2011)","2013","2013","I$","11396.5","X","Sources internationales sûres",""
"FS","Données de la sécurité alimentaire","67","Finlande","6126","Valeur","22013","PIB par habitant, ($ PPA internationaux constants de 2011)","2013","2013","I$","45328.8","X","Sources internationales sûres",""
"FS","Données de la sécurité alimentaire","68","France","6126","Valeur","22013","PIB par habitant, ($ PPA internationaux constants de 2011)","2013","2013","I$","43021.3","X","Sources internationales sûres",""
"FS","Données de la sécurité alimentaire","74","Gabon","6126","Valeur","22013","PIB par habitant, ($ PPA internationaux constants de 2011)","2013","2013","I$","15341.1","X","Sources internationales sûres",""
"FS","Données de la sécurité alimentaire","75","Gambie","6126","Valeur","22013","PIB par habitant, ($ PPA internationaux constants de 2011)","2013","2013","I$","2131.4","X","Sources internationales sûres",""
"FS","Données de la sécurité alimentaire","73","Géorgie","6126","Valeur","22013","PIB par habitant, ($ PPA internationaux constants de 2011)","2013","2013","I$","11740.1","X","Sources internationales sûres",""
"FS","Données de la sécurité alimentaire","81","Ghana","6126","Valeur","22013","PIB par habitant, ($ PPA internationaux constants de 2011)","2013","2013","I$","4649.4","X","Sources internationales sûres",""
"FS","Données de la sécurité alimentaire","84","Grèce","6126","Valeur","22013","PIB par habitant, ($ PPA internationaux constants de 2011)","2013","2013","I$","28077.4","X","Sources internationales sûres",""
"FS","Données de la sécurité alimentaire","86","Grenade","6126","Valeur","22013","PIB par habitant, ($ PPA internationaux constants de 2011)","2013","2013","I$","13427.8","X","Sources internationales sûres",""
"FS","Données de la sécurité alimentaire","89","Guatemala","6126","Valeur","22013","PIB par habitant, ($ PPA internationaux constants de 2011)","2013","2013","I$","7733.8","X","Sources internationales sûres",""
"FS","Données de la sécurité alimentaire","90","Guinée","6126","Valeur","22013","PIB par habitant, ($ PPA internationaux constants de 2011)","2013","2013","I$","2037","X","Sources internationales sûres",""
"FS","Données de la sécurité alimentaire","61","Guinée équatoriale","6126","Valeur","22013","PIB par habitant, ($ PPA internationaux constants de 2011)","2013","2013","I$","33678.7","X","Sources internationales sûres",""
"FS","Données de la sécurité alimentaire","175","Guinée-Bissau","6126","Valeur","22013","PIB par habitant, ($ PPA internationaux constants de 2011)","2013","2013","I$","1770.5","X","Sources internationales sûres",""
"FS","Données de la sécurité alimentaire","91","Guyana","6126","Valeur","22013","PIB par habitant, ($ PPA internationaux constants de 2011)","2013","2013","I$","8122","X","Sources internationales sûres",""
"FS","Données de la sécurité alimentaire","93","Haïti","6126","Valeur","22013","PIB par habitant, ($ PPA internationaux constants de 2011)","2013","2013","I$","1744","X","Sources internationales sûres",""
"FS","Données de la sécurité alimentaire","95","Honduras","6126","Valeur","22013","PIB par habitant, ($ PPA internationaux constants de 2011)","2013","2013","I$","5113.5","X","Sources internationales sûres",""
"FS","Données de la sécurité alimentaire","97","Hongrie","6126","Valeur","22013","PIB par habitant, ($ PPA internationaux constants de 2011)","2013","2013","I$","25325","X","Sources internationales sûres",""
"FS","Données de la sécurité alimentaire","127","Îles Marshall","6126","Valeur","22013","PIB par habitant, ($ PPA internationaux constants de 2011)","2013","2013","I$","3634.1","X","Sources internationales sûres",""
"FS","Données de la sécurité alimentaire","25","Îles Salomon","6126","Valeur","22013","PIB par habitant, ($ PPA internationaux constants de 2011)","2013","2013","I$","2318.9","X","Sources internationales sûres",""
"FS","Données de la sécurité alimentaire","100","Inde","6126","Valeur","22013","PIB par habitant, ($ PPA internationaux constants de 2011)","2013","2013","I$","4809.6","X","Sources internationales sûres",""
"FS","Données de la sécurité alimentaire","101","Indonésie","6126","Valeur","22013","PIB par habitant, ($ PPA internationaux constants de 2011)","2013","2013","I$","9457","X","Sources internationales sûres",""
"FS","Données de la sécurité alimentaire","102","Iran (République islamique d')","6126","Valeur","22013","PIB par habitant, ($ PPA internationaux constants de 2011)","2013","2013","I$","12625.1","X","Sources internationales sûres",""
"FS","Données de la sécurité alimentaire","103","Iraq","6126","Valeur","22013","PIB par habitant, ($ PPA internationaux constants de 2011)","2013","2013","I$","10719.2","X","Sources internationales sûres",""
"FS","Données de la sécurité alimentaire","104","Irlande","6126","Valeur","22013","PIB par habitant, ($ PPA internationaux constants de 2011)","2013","2013","I$","53320.2","X","Sources internationales sûres",""
"FS","Données de la sécurité alimentaire","99","Islande","6126","Valeur","22013","PIB par habitant, ($ PPA internationaux constants de 2011)","2013","2013","I$","49439.8","X","Sources internationales sûres",""
"FS","Données de la sécurité alimentaire","105","Israël","6126","Valeur","22013","PIB par habitant, ($ PPA internationaux constants de 2011)","2013","2013","I$","36868.8","X","Sources internationales sûres",""
"FS","Données de la sécurité alimentaire","106","Italie","6126","Valeur","22013","PIB par habitant, ($ PPA internationaux constants de 2011)","2013","2013","I$","40465.2","X","Sources internationales sûres",""
"FS","Données de la sécurité alimentaire","109","Jamaïque","6126","Valeur","22013","PIB par habitant, ($ PPA internationaux constants de 2011)","2013","2013","I$","9425.1","X","Sources internationales sûres",""
"FS","Données de la sécurité alimentaire","110","Japon","6126","Valeur","22013","PIB par habitant, ($ PPA internationaux constants de 2011)","2013","2013","I$","38954.2","X","Sources internationales sûres",""
"FS","Données de la sécurité alimentaire","112","Jordanie","6126","Valeur","22013","PIB par habitant, ($ PPA internationaux constants de 2011)","2013","2013","I$","10272.4","X","Sources internationales sûres",""
"FS","Données de la sécurité alimentaire","108","Kazakhstan","6126","Valeur","22013","PIB par habitant, ($ PPA internationaux constants de 2011)","2013","2013","I$","23720.8","X","Sources internationales sûres",""
"FS","Données de la sécurité alimentaire","114","Kenya","6126","Valeur","22013","PIB par habitant, ($ PPA internationaux constants de 2011)","2013","2013","I$","3611.8","X","Sources internationales sûres",""
"FS","Données de la sécurité alimentaire","113","Kirghizistan","6126","Valeur","22013","PIB par habitant, ($ PPA internationaux constants de 2011)","2013","2013","I$","4631.4","X","Sources internationales sûres",""
"FS","Données de la sécurité alimentaire","83","Kiribati","6126","Valeur","22013","PIB par habitant, ($ PPA internationaux constants de 2011)","2013","2013","I$","2038.6","X","Sources internationales sûres",""
"FS","Données de la sécurité alimentaire","118","Koweït","6126","Valeur","22013","PIB par habitant, ($ PPA internationaux constants de 2011)","2013","2013","I$","58995.4","X","Sources internationales sûres",""
"FS","Données de la sécurité alimentaire","122","Lesotho","6126","Valeur","22013","PIB par habitant, ($ PPA internationaux constants de 2011)","2013","2013","I$","2621.1","X","Sources internationales sûres",""
"FS","Données de la sécurité alimentaire","119","Lettonie","6126","Valeur","22013","PIB par habitant, ($ PPA internationaux constants de 2011)","2013","2013","I$","24732","X","Sources internationales sûres",""
"FS","Données de la sécurité alimentaire","121","Liban","6126","Valeur","22013","PIB par habitant, ($ PPA internationaux constants de 2011)","2013","2013","I$","17532.9","X","Sources internationales sûres",""
"FS","Données de la sécurité alimentaire","123","Libéria","6126","Valeur","22013","PIB par habitant, ($ PPA internationaux constants de 2011)","2013","2013","I$","1652.2","X","Sources internationales sûres",""
"FS","Données de la sécurité alimentaire","124","Libye","6126","Valeur","22013","PIB par habitant, ($ PPA internationaux constants de 2011)","2013","2013","I$","16160.1","X","Sources internationales sûres",""
"FS","Données de la sécurité alimentaire","126","Lituanie","6126","Valeur","22013","PIB par habitant, ($ PPA internationaux constants de 2011)","2013","2013","I$","28644.1","X","Sources internationales sûres",""
"FS","Données de la sécurité alimentaire","256","Luxembourg","6126","Valeur","22013","PIB par habitant, ($ PPA internationaux constants de 2011)","2013","2013","I$","106915","X","Sources internationales sûres",""
"FS","Données de la sécurité alimentaire","154","Macédoine du Nord","6126","Valeur","22013","PIB par habitant, ($ PPA internationaux constants de 2011)","2013","2013","I$","13918.6","X","Sources internationales sûres",""
"FS","Données de la sécurité alimentaire","129","Madagascar","6126","Valeur","22013","PIB par habitant, ($ PPA internationaux constants de 2011)","2013","2013","I$","1531.8","X","Sources internationales sûres",""
"FS","Données de la sécurité alimentaire","131","Malaisie","6126","Valeur","22013","PIB par habitant, ($ PPA internationaux constants de 2011)","2013","2013","I$","22860.3","X","Sources internationales sûres",""
"FS","Données de la sécurité alimentaire","130","Malawi","6126","Valeur","22013","PIB par habitant, ($ PPA internationaux constants de 2011)","2013","2013","I$","999.4","X","Sources internationales sûres",""
"FS","Données de la sécurité alimentaire","132","Maldives","6126","Valeur","22013","PIB par habitant, ($ PPA internationaux constants de 2011)","2013","2013","I$","17132.4","X","Sources internationales sûres",""
"FS","Données de la sécurité alimentaire","133","Mali","6126","Valeur","22013","PIB par habitant, ($ PPA internationaux constants de 2011)","2013","2013","I$","1995.7","X","Sources internationales sûres",""
"FS","Données de la sécurité alimentaire","134","Malte","6126","Valeur","22013","PIB par habitant, ($ PPA internationaux constants de 2011)","2013","2013","I$","33596.4","X","Sources internationales sûres",""
"FS","Données de la sécurité alimentaire","143","Maroc","6126","Valeur","22013","PIB par habitant, ($ PPA internationaux constants de 2011)","2013","2013","I$","6831.1","X","Sources internationales sûres",""
"FS","Données de la sécurité alimentaire","137","Maurice","6126","Valeur","22013","PIB par habitant, ($ PPA internationaux constants de 2011)","2013","2013","I$","18579.4","X","Sources internationales sûres",""
"FS","Données de la sécurité alimentaire","136","Mauritanie","6126","Valeur","22013","PIB par habitant, ($ PPA internationaux constants de 2011)","2013","2013","I$","4946","X","Sources internationales sûres",""
"FS","Données de la sécurité alimentaire","138","Mexique","6126","Valeur","22013","PIB par habitant, ($ PPA internationaux constants de 2011)","2013","2013","I$","18628.2","X","Sources internationales sûres",""
"FS","Données de la sécurité alimentaire","145","Micronésie (États fédérés de)","6126","Valeur","22013","PIB par habitant, ($ PPA internationaux constants de 2011)","2013","2013","I$","3475.7","X","Sources internationales sûres",""
"FS","Données de la sécurité alimentaire","141","Mongolie","6126","Valeur","22013","PIB par habitant, ($ PPA internationaux constants de 2011)","2013","2013","I$","10383.8","X","Sources internationales sûres",""
"FS","Données de la sécurité alimentaire","273","Monténégro","6126","Valeur","22013","PIB par habitant, ($ PPA internationaux constants de 2011)","2013","2013","I$","17333","X","Sources internationales sûres",""
"FS","Données de la sécurité alimentaire","144","Mozambique","6126","Valeur","22013","PIB par habitant, ($ PPA internationaux constants de 2011)","2013","2013","I$","1165.4","X","Sources internationales sûres",""
"FS","Données de la sécurité alimentaire","28","Myanmar","6126","Valeur","22013","PIB par habitant, ($ PPA internationaux constants de 2011)","2013","2013","I$","3753.3","X","Sources internationales sûres",""
"FS","Données de la sécurité alimentaire","147","Namibie","6126","Valeur","22013","PIB par habitant, ($ PPA internationaux constants de 2011)","2013","2013","I$","9832.8","X","Sources internationales sûres",""
"FS","Données de la sécurité alimentaire","148","Nauru","6126","Valeur","22013","PIB par habitant, ($ PPA internationaux constants de 2011)","2013","2013","I$","9920.7","X","Sources internationales sûres",""
"FS","Données de la sécurité alimentaire","149","Népal","6126","Valeur","22013","PIB par habitant, ($ PPA internationaux constants de 2011)","2013","2013","I$","2668.3","X","Sources internationales sûres",""
"FS","Données de la sécurité alimentaire","157","Nicaragua","6126","Valeur","22013","PIB par habitant, ($ PPA internationaux constants de 2011)","2013","2013","I$","5263.5","X","Sources internationales sûres",""
"FS","Données de la sécurité alimentaire","158","Niger","6126","Valeur","22013","PIB par habitant, ($ PPA internationaux constants de 2011)","2013","2013","I$","1098.8","X","Sources internationales sûres",""
"FS","Données de la sécurité alimentaire","159","Nigéria","6126","Valeur","22013","PIB par habitant, ($ PPA internationaux constants de 2011)","2013","2013","I$","5329.1","X","Sources internationales sûres",""
"FS","Données de la sécurité alimentaire","162","Norvège","6126","Valeur","22013","PIB par habitant, ($ PPA internationaux constants de 2011)","2013","2013","I$","60806.5","X","Sources internationales sûres",""
"FS","Données de la sécurité alimentaire","156","Nouvelle-Zélande","6126","Valeur","22013","PIB par habitant, ($ PPA internationaux constants de 2011)","2013","2013","I$","38990.6","X","Sources internationales sûres",""
"FS","Données de la sécurité alimentaire","221","Oman","6126","Valeur","22013","PIB par habitant, ($ PPA internationaux constants de 2011)","2013","2013","I$","31817.8","X","Sources internationales sûres",""
"FS","Données de la sécurité alimentaire","226","Ouganda","6126","Valeur","22013","PIB par habitant, ($ PPA internationaux constants de 2011)","2013","2013","I$","1987.9","X","Sources internationales sûres",""
"FS","Données de la sécurité alimentaire","235","Ouzbékistan","6126","Valeur","22013","PIB par habitant, ($ PPA internationaux constants de 2011)","2013","2013","I$","5469.9","X","Sources internationales sûres",""
"FS","Données de la sécurité alimentaire","165","Pakistan","6126","Valeur","22013","PIB par habitant, ($ PPA internationaux constants de 2011)","2013","2013","I$","4069.2","X","Sources internationales sûres",""
"FS","Données de la sécurité alimentaire","180","Palaos","6126","Valeur","22013","PIB par habitant, ($ PPA internationaux constants de 2011)","2013","2013","I$","16173.5","X","Sources internationales sûres",""
"FS","Données de la sécurité alimentaire","299","Palestine","6126","Valeur","22013","PIB par habitant, ($ PPA internationaux constants de 2011)","2013","2013","I$","5640.1","X","Sources internationales sûres",""
"FS","Données de la sécurité alimentaire","166","Panama","6126","Valeur","22013","PIB par habitant, ($ PPA internationaux constants de 2011)","2013","2013","I$","26485.6","X","Sources internationales sûres",""
"FS","Données de la sécurité alimentaire","168","Papouasie-Nouvelle-Guinée","6126","Valeur","22013","PIB par habitant, ($ PPA internationaux constants de 2011)","2013","2013","I$","3520.8","X","Sources internationales sûres",""
"FS","Données de la sécurité alimentaire","169","Paraguay","6126","Valeur","22013","PIB par habitant, ($ PPA internationaux constants de 2011)","2013","2013","I$","11225.5","X","Sources internationales sûres",""
"FS","Données de la sécurité alimentaire","150","Pays-Bas","6126","Valeur","22013","PIB par habitant, ($ PPA internationaux constants de 2011)","2013","2013","I$","51883.1","X","Sources internationales sûres",""
"FS","Données de la sécurité alimentaire","170","Pérou","6126","Valeur","22013","PIB par habitant, ($ PPA internationaux constants de 2011)","2013","2013","I$","11724","X","Sources internationales sûres",""
"FS","Données de la sécurité alimentaire","171","Philippines","6126","Valeur","22013","PIB par habitant, ($ PPA internationaux constants de 2011)","2013","2013","I$","6666.3","X","Sources internationales sûres",""
"FS","Données de la sécurité alimentaire","173","Pologne","6126","Valeur","22013","PIB par habitant, ($ PPA internationaux constants de 2011)","2013","2013","I$","25942","X","Sources internationales sûres",""
"FS","Données de la sécurité alimentaire","177","Porto Rico","6126","Valeur","22013","PIB par habitant, ($ PPA internationaux constants de 2011)","2013","2013","I$","33922.2","X","Sources internationales sûres",""
"FS","Données de la sécurité alimentaire","174","Portugal","6126","Valeur","22013","PIB par habitant, ($ PPA internationaux constants de 2011)","2013","2013","I$","30080.5","X","Sources internationales sûres",""
"FS","Données de la sécurité alimentaire","179","Qatar","6126","Valeur","22013","PIB par habitant, ($ PPA internationaux constants de 2011)","2013","2013","I$","99133.7","X","Sources internationales sûres",""
"FS","Données de la sécurité alimentaire","37","République centrafricaine","6126","Valeur","22013","PIB par habitant, ($ PPA internationaux constants de 2011)","2013","2013","I$","824.9","X","Sources internationales sûres",""
"FS","Données de la sécurité alimentaire","117","République de Corée","6126","Valeur","22013","PIB par habitant, ($ PPA internationaux constants de 2011)","2013","2013","I$","37060.6","X","Sources internationales sûres",""
"FS","Données de la sécurité alimentaire","146","République de Moldova","6126","Valeur","22013","PIB par habitant, ($ PPA internationaux constants de 2011)","2013","2013","I$","9817.3","X","Sources internationales sûres",""
"FS","Données de la sécurité alimentaire","250","République démocratique du Congo","6126","Valeur","22013","PIB par habitant, ($ PPA internationaux constants de 2011)","2013","2013","I$","972.5","X","Sources internationales sûres",""
"FS","Données de la sécurité alimentaire","120","République démocratique populaire lao","6126","Valeur","22013","PIB par habitant, ($ PPA internationaux constants de 2011)","2013","2013","I$","5841.9","X","Sources internationales sûres",""
"FS","Données de la sécurité alimentaire","56","République dominicaine","6126","Valeur","22013","PIB par habitant, ($ PPA internationaux constants de 2011)","2013","2013","I$","13702.3","X","Sources internationales sûres",""
"FS","Données de la sécurité alimentaire","215","République-Unie de Tanzanie","6126","Valeur","22013","PIB par habitant, ($ PPA internationaux constants de 2011)","2013","2013","I$","2206","X","Sources internationales sûres",""
"FS","Données de la sécurité alimentaire","183","Roumanie","6126","Valeur","22013","PIB par habitant, ($ PPA internationaux constants de 2011)","2013","2013","I$","22104","X","Sources internationales sûres",""
"FS","Données de la sécurité alimentaire","229","Royaume-Uni de Grande-Bretagne et d'Irlande du Nord","6126","Valeur","22013","PIB par habitant, ($ PPA internationaux constants de 2011)","2013","2013","I$","43423","X","Sources internationales sûres",""
"FS","Données de la sécurité alimentaire","184","Rwanda","6126","Valeur","22013","PIB par habitant, ($ PPA internationaux constants de 2011)","2013","2013","I$","1718.4","X","Sources internationales sûres",""
"FS","Données de la sécurité alimentaire","189","Sainte-Lucie","6126","Valeur","22013","PIB par habitant, ($ PPA internationaux constants de 2011)","2013","2013","I$","14104.7","X","Sources internationales sûres",""
"FS","Données de la sécurité alimentaire","188","Saint-Kitts-et-Nevis","6126","Valeur","22013","PIB par habitant, ($ PPA internationaux constants de 2011)","2013","2013","I$","24224.1","X","Sources internationales sûres",""
"FS","Données de la sécurité alimentaire","191","Saint-Vincent-et-les Grenadines","6126","Valeur","22013","PIB par habitant, ($ PPA internationaux constants de 2011)","2013","2013","I$","11729.6","X","Sources internationales sûres",""
"FS","Données de la sécurité alimentaire","244","Samoa","6126","Valeur","22013","PIB par habitant, ($ PPA internationaux constants de 2011)","2013","2013","I$","5841.1","X","Sources internationales sûres",""
"FS","Données de la sécurité alimentaire","193","Sao Tomé-et-Principe","6126","Valeur","22013","PIB par habitant, ($ PPA internationaux constants de 2011)","2013","2013","I$","3527.6","X","Sources internationales sûres",""
"FS","Données de la sécurité alimentaire","195","Sénégal","6126","Valeur","22013","PIB par habitant, ($ PPA internationaux constants de 2011)","2013","2013","I$","2767","X","Sources internationales sûres",""
"FS","Données de la sécurité alimentaire","272","Serbie","6126","Valeur","22013","PIB par habitant, ($ PPA internationaux constants de 2011)","2013","2013","I$","15340.7","X","Sources internationales sûres",""
"FS","Données de la sécurité alimentaire","196","Seychelles","6126","Valeur","22013","PIB par habitant, ($ PPA internationaux constants de 2011)","2013","2013","I$","24253.2","X","Sources internationales sûres",""
"FS","Données de la sécurité alimentaire","197","Sierra Leone","6126","Valeur","22013","PIB par habitant, ($ PPA internationaux constants de 2011)","2013","2013","I$","1953.1","X","Sources internationales sûres",""
"FS","Données de la sécurité alimentaire","200","Singapour","6126","Valeur","22013","PIB par habitant, ($ PPA internationaux constants de 2011)","2013","2013","I$","85585.9","X","Sources internationales sûres",""
"FS","Données de la sécurité alimentaire","199","Slovaquie","6126","Valeur","22013","PIB par habitant, ($ PPA internationaux constants de 2011)","2013","2013","I$","27398.7","X","Sources internationales sûres",""
"FS","Données de la sécurité alimentaire","198","Slovénie","6126","Valeur","22013","PIB par habitant, ($ PPA internationaux constants de 2011)","2013","2013","I$","32377","X","Sources internationales sûres",""
"FS","Données de la sécurité alimentaire","276","Soudan","6126","Valeur","22013","PIB par habitant, ($ PPA internationaux constants de 2011)","2013","2013","I$","4083.7","X","Sources internationales sûres",""
"FS","Données de la sécurité alimentaire","38","Sri Lanka","6126","Valeur","22013","PIB par habitant, ($ PPA internationaux constants de 2011)","2013","2013","I$","10990.1","X","Sources internationales sûres",""
"FS","Données de la sécurité alimentaire","210","Suède","6126","Valeur","22013","PIB par habitant, ($ PPA internationaux constants de 2011)","2013","2013","I$","49200.1","X","Sources internationales sûres",""
"FS","Données de la sécurité alimentaire","211","Suisse","6126","Valeur","22013","PIB par habitant, ($ PPA internationaux constants de 2011)","2013","2013","I$","65251.2","X","Sources internationales sûres",""
"FS","Données de la sécurité alimentaire","207","Suriname","6126","Valeur","22013","PIB par habitant, ($ PPA internationaux constants de 2011)","2013","2013","I$","18304.2","X","Sources internationales sûres",""
"FS","Données de la sécurité alimentaire","208","Tadjikistan","6126","Valeur","22013","PIB par habitant, ($ PPA internationaux constants de 2011)","2013","2013","I$","2616.5","X","Sources internationales sûres",""
"FS","Données de la sécurité alimentaire","39","Tchad","6126","Valeur","22013","PIB par habitant, ($ PPA internationaux constants de 2011)","2013","2013","I$","1804.3","X","Sources internationales sûres",""
"FS","Données de la sécurité alimentaire","167","Tchéquie","6126","Valeur","22013","PIB par habitant, ($ PPA internationaux constants de 2011)","2013","2013","I$","33536.9","X","Sources internationales sûres",""
"FS","Données de la sécurité alimentaire","216","Thaïlande","6126","Valeur","22013","PIB par habitant, ($ PPA internationaux constants de 2011)","2013","2013","I$","15783","X","Sources internationales sûres",""
"FS","Données de la sécurité alimentaire","176","Timor-Leste","6126","Valeur","22013","PIB par habitant, ($ PPA internationaux constants de 2011)","2013","2013","I$","3182.6","X","Sources internationales sûres",""
"FS","Données de la sécurité alimentaire","217","Togo","6126","Valeur","22013","PIB par habitant, ($ PPA internationaux constants de 2011)","2013","2013","I$","1360.6","X","Sources internationales sûres",""
"FS","Données de la sécurité alimentaire","219","Tonga","6126","Valeur","22013","PIB par habitant, ($ PPA internationaux constants de 2011)","2013","2013","I$","5637.2","X","Sources internationales sûres",""
"FS","Données de la sécurité alimentaire","220","Trinité-et-Tobago","6126","Valeur","22013","PIB par habitant, ($ PPA internationaux constants de 2011)","2013","2013","I$","29279.3","X","Sources internationales sûres",""
"FS","Données de la sécurité alimentaire","222","Tunisie","6126","Valeur","22013","PIB par habitant, ($ PPA internationaux constants de 2011)","2013","2013","I$","10304.8","X","Sources internationales sûres",""
"FS","Données de la sécurité alimentaire","213","Turkménistan","6126","Valeur","22013","PIB par habitant, ($ PPA internationaux constants de 2011)","2013","2013","I$","11471.2","X","Sources internationales sûres",""
"FS","Données de la sécurité alimentaire","223","Turquie","6126","Valeur","22013","PIB par habitant, ($ PPA internationaux constants de 2011)","2013","2013","I$","24117","X","Sources internationales sûres",""
"FS","Données de la sécurité alimentaire","227","Tuvalu","6126","Valeur","22013","PIB par habitant, ($ PPA internationaux constants de 2011)","2013","2013","I$","3445.9","X","Sources internationales sûres",""
"FS","Données de la sécurité alimentaire","230","Ukraine","6126","Valeur","22013","PIB par habitant, ($ PPA internationaux constants de 2011)","2013","2013","I$","12552.7","X","Sources internationales sûres",""
"FS","Données de la sécurité alimentaire","234","Uruguay","6126","Valeur","22013","PIB par habitant, ($ PPA internationaux constants de 2011)","2013","2013","I$","20001.1","X","Sources internationales sûres",""
"FS","Données de la sécurité alimentaire","155","Vanuatu","6126","Valeur","22013","PIB par habitant, ($ PPA internationaux constants de 2011)","2013","2013","I$","3136.5","X","Sources internationales sûres",""
"FS","Données de la sécurité alimentaire","237","Viet Nam","6126","Valeur","22013","PIB par habitant, ($ PPA internationaux constants de 2011)","2013","2013","I$","5815.1","X","Sources internationales sûres",""
"FS","Données de la sécurité alimentaire","251","Zambie","6126","Valeur","22013","PIB par habitant, ($ PPA internationaux constants de 2011)","2013","2013","I$","3399.7","X","Sources internationales sûres",""
"FS","Données de la sécurité alimentaire","181","Zimbabwe","6126","Valeur","22013","PIB par habitant, ($ PPA internationaux constants de 2011)","2013","2013","I$","2937.7","X","Sources internationales sûres",""
